,count,class_weight
happy,21,0.5374149659863946
sad,14,0.8061224489795918
anger,5,2.257142857142857
neutral,17,0.6638655462184874
disgust,8,1.4107142857142858
surprise,8,1.4107142857142858
fear,6,1.880952380952381
